{
    "ambientocclusion": true,
    "textures": {
        "particle": "block/stone",
        "base": "block/stone",
		"light": "block/red_concrete"
    },
    "elements": [
        {   "from": [ 6, -1.8, 5 ],
            "to": [ 10, 2.2, 11 ],
            "rotation": { "origin": [ 8, 1, 8 ], "axis": "x", "angle": 22.5 },
            "faces": {
                "down":  { "uv": [ 6, 5, 10, 11 ], "texture": "#base" },
                "up":    { "uv": [ 6, 5, 10, 11 ], "texture": "#base" },
                "north": { "uv": [ 6, 0, 10,  4 ], "texture": "#base" },
                "south": { "uv": [ 6, 0, 10,  4 ], "texture": "#base" },
                "west":  { "uv": [ 5, 0, 11,  4 ], "texture": "#base" },
                "east":  { "uv": [ 5, 0, 11,  4 ], "texture": "#base" }
            }
        },
        {   "from": [ 7, -0.3, 7 ],
            "to": [ 9, 2.7, 9 ],
            "rotation": { "origin": [ 8, 1, 8 ], "axis": "x", "angle": 22.5 },
            "faces": {
                "down":  { "uv": [ 7, 7, 9, 9 ], "texture": "#light" },
                "up":    { "uv": [ 7, 7, 9, 9 ], "texture": "#light" },
                "north": { "uv": [ 7, 8, 9, 10 ], "texture": "#light" },
                "south": { "uv": [ 7, 8, 9, 6 ], "texture": "#light" },
                "west":  { "uv": [ 8, 7, 10, 9 ], "texture": "#light" },
                "east":  { "uv": [ 6, 7, 8, 9 ], "texture": "#light" }
            }
        }
    ]
}