{
  "minecraft:recipes/redstone/noteblock": {
    "criteria": {
      "has_redstone": "2017-04-21 13:43:40 +1000"
    },
    "done": true
  },
  "minecraft:recipes/buildingblocks/quartz_slab": {
    "criteria": {
      "has_quartz_block": "2017-04-21 14:18:49 +1000"
    },
    "done": true
  },
  "minecraft:recipes/buildingblocks/lime_wool": {
    "criteria": {
      "has_white_wool": "2017-04-21 18:24:42 +1000"
    },
    "done": true
  },
  "minecraft:recipes/tools/clock": {
    "criteria": {
      "has_redstone": "2017-04-21 13:43:40 +1000"
    },
    "done": true
  },
  "minecraft:recipes/buildingblocks/quartz_stairs": {
    "criteria": {
      "has_quartz_block": "2017-04-21 14:18:49 +1000"
    },
    "done": true
  },
  "minecraft:recipes/buildingblocks/chiseled_quartz_block": {
    "criteria": {
      "has_quartz_block": "2017-04-21 14:18:49 +1000"
    },
    "done": true
  },
  "minecraft:recipes/tools/compass": {
    "criteria": {
      "has_redstone": "2017-04-21 13:43:40 +1000"
    },
    "done": true
  },
  "minecraft:recipes/buildingblocks/gray_wool": {
    "criteria": {
      "has_white_wool": "2017-04-21 18:24:42 +1000"
    },
    "done": true
  },
  "minecraft:recipes/buildingblocks/blue_wool": {
    "criteria": {
      "has_white_wool": "2017-04-21 18:24:42 +1000"
    },
    "done": true
  },
  "minecraft:recipes/buildingblocks/light_blue_wool": {
    "criteria": {
      "has_white_wool": "2017-04-21 18:24:42 +1000"
    },
    "done": true
  },
  "minecraft:recipes/decorations/white_bed": {
    "criteria": {
      "has_white_wool": "2017-04-21 18:24:42 +1000"
    },
    "done": true
  },
  "minecraft:recipes/buildingblocks/black_wool": {
    "criteria": {
      "has_white_wool": "2017-04-21 18:24:42 +1000"
    },
    "done": true
  },
  "minecraft:recipes/redstone/piston": {
    "criteria": {
      "has_redstone": "2017-04-21 13:43:40 +1000"
    },
    "done": true
  },
  "minecraft:recipes/buildingblocks/orange_wool": {
    "criteria": {
      "has_white_wool": "2017-04-21 18:24:42 +1000"
    },
    "done": true
  },
  "minecraft:recipes/decorations/white_carpet": {
    "criteria": {
      "has_white_wool": "2017-04-21 18:24:42 +1000"
    },
    "done": true
  },
  "minecraft:recipes/buildingblocks/magenta_wool": {
    "criteria": {
      "has_white_wool": "2017-04-21 18:24:42 +1000"
    },
    "done": true
  },
  "minecraft:recipes/buildingblocks/light_gray_wool": {
    "criteria": {
      "has_white_wool": "2017-04-21 18:24:42 +1000"
    },
    "done": true
  },
  "minecraft:story/iron_tools": {
    "criteria": {
      "iron_pickaxe": "2017-04-21 13:35:54 +1000"
    },
    "done": true
  },
  "minecraft:recipes/redstone/redstone_torch": {
    "criteria": {
      "has_redstone": "2017-04-21 13:43:40 +1000"
    },
    "done": true
  },
  "minecraft:recipes/buildingblocks/purple_wool": {
    "criteria": {
      "has_white_wool": "2017-04-21 18:24:42 +1000"
    },
    "done": true
  },
  "minecraft:recipes/buildingblocks/red_wool": {
    "criteria": {
      "has_white_wool": "2017-04-21 18:24:42 +1000"
    },
    "done": true
  },
  "minecraft:recipes/buildingblocks/pillar_quartz_block": {
    "criteria": {
      "has_quartz_block": "2017-04-21 14:18:49 +1000"
    },
    "done": true
  },
  "minecraft:recipes/decorations/painting": {
    "criteria": {
      "has_wool": "2017-04-21 18:24:42 +1000"
    },
    "done": true
  },
  "minecraft:recipes/buildingblocks/yellow_wool": {
    "criteria": {
      "has_white_wool": "2017-04-21 18:24:42 +1000"
    },
    "done": true
  },
  "minecraft:recipes/decorations/white_banner": {
    "criteria": {
      "has_white_wool": "2017-04-21 18:24:42 +1000"
    },
    "done": true
  },
  "minecraft:recipes/buildingblocks/brown_wool": {
    "criteria": {
      "has_white_wool": "2017-04-21 18:24:42 +1000"
    },
    "done": true
  },
  "minecraft:recipes/buildingblocks/green_wool": {
    "criteria": {
      "has_white_wool": "2017-04-21 18:24:42 +1000"
    },
    "done": true
  },
  "minecraft:recipes/redstone/dropper": {
    "criteria": {
      "has_redstone": "2017-04-21 13:43:40 +1000"
    },
    "done": true
  },
  "minecraft:recipes/buildingblocks/cyan_wool": {
    "criteria": {
      "has_white_wool": "2017-04-21 18:24:42 +1000"
    },
    "done": true
  },
  "minecraft:recipes/buildingblocks/pink_wool": {
    "criteria": {
      "has_white_wool": "2017-04-21 18:24:42 +1000"
    },
    "done": true
  }
}