{
    "textures": {
        "particle": "block/stone",
        "base": "block/stone",
		"light": "block/lime_concrete"
    },
    "elements": [
        {   "from": [ 6, 0.2, 5 ],
            "to": [ 10, 2.2, 11 ],
            "rotation": { "origin": [ 8, 1, 8 ], "axis": "x", "angle": 0 },
            "faces": {
                "down":  { "uv": [ 6, 5, 10, 11 ], "texture": "#base" },
                "up":    { "uv": [ 6, 5, 10, 11 ], "texture": "#base" },
                "north": { "uv": [ 6, 0, 10,  2 ], "texture": "#base" },
                "south": { "uv": [ 6, 0, 10,  2 ], "texture": "#base" },
                "west":  { "uv": [ 5, 0, 11,  2 ], "texture": "#base" },
                "east":  { "uv": [ 5, 0, 11,  2 ], "texture": "#base" }
            }
        },
        {   "from": [ 7, 1.2, 7 ],
            "to": [ 9, 3.2, 9 ],
            "rotation": { "origin": [ 8, 1, 8 ], "axis": "x", "angle": 0 },
            "faces": {
                "down":  { "uv": [ 7, 7, 9, 9 ], "texture": "#light" },
                "up":    { "uv": [ 7, 7, 9, 9 ], "texture": "#light" },
                "north": { "uv": [ 7, 8, 9, 10 ], "texture": "#light" },
                "south": { "uv": [ 7, 8, 9, 6 ], "texture": "#light" },
                "west":  { "uv": [ 8, 7, 10, 9 ], "texture": "#light" },
                "east":  { "uv": [ 6, 7, 8, 9 ], "texture": "#light" }
            }
        }
    ],
	"display": {
        "gui": {
            "rotation": [ 30, 225, 0 ],
            "translation": [ 0, 5, 0],
            "scale":[ 1, 1, 1 ]
        },
        "ground": {
            "rotation": [ 0, 0, 0 ],
            "translation": [ 0, 3, 0],
            "scale":[ 0.4, 0.4, 0.4 ]
        },
        "fixed": {
            "rotation": [ 0, 0, 0 ],
            "translation": [ 0, 5, 0],
            "scale":[ 0.75, 0.75, 0.75 ]
        },
        "thirdperson_righthand": {
            "rotation": [ 75, 45, 0 ],
            "translation": [ 0, 2.5, 3],
            "scale": [ 0.375, 0.375, 0.375 ]
        },
        "firstperson_righthand": {
            "rotation": [ 0, 45, 0 ],
            "translation": [ 0, 3.5, 0 ],
            "scale": [ 0.40, 0.40, 0.40 ]
        },
        "firstperson_lefthand": {
            "rotation": [ 0, 225, 0 ],
            "translation": [ 0, 3.5, 0 ],
            "scale": [ 0.40, 0.40, 0.40 ]
        }
    }
}
