{"stat.drop.minecraft.iron_axe":3,"stat.useItem.minecraft.command_block":6,"stat.walkOneCm":113566,"stat.useItem.minecraft.chain_command_block":34,"stat.pickup.minecraft.cake":1,"stat.leaveGame":16,"stat.pickup.minecraft.iron_shovel":1,"stat.drop.minecraft.redstone":1,"stat.useItem.minecraft.repeating_command_block":4,"stat.useItem.minecraft.armor_stand":3,"stat.drop.minecraft.iron_pickaxe":3,"stat.drop.minecraft.apple":2,"stat.jump":433,"stat.pickup.minecraft.cooked_chicken":1,"stat.useItem.minecraft.concrete_powder":7,"stat.pickup.minecraft.iron_pickaxe":1,"stat.crouchOneCm":2660,"stat.useItem.minecraft.stained_hardened_clay":2,"stat.useItem.minecraft.stone_button":1,"stat.drop.minecraft.iron_shovel":3,"stat.sprintOneCm":39130,"stat.drop.minecraft.piston":1,"stat.pickup.minecraft.apple":1,"stat.useItem.minecraft.concrete":5,"stat.drop.minecraft.fish":1,"stat.useItem.minecraft.bed":1,"stat.pickup.minecraft.iron_axe":1,"stat.damageTaken":320,"stat.drop.minecraft.stone_button":2,"stat.flyOneCm":133424,"stat.deaths":1,"stat.drop":19,"stat.drop.minecraft.cake":2,"stat.playOneMinute":82988,"stat.pickup.minecraft.stone_button":1,"stat.sneakTime":1553,"stat.drop.minecraft.cooked_chicken":1,"stat.useItem.minecraft.wool":1,"stat.timeSinceDeath":69817}